vore,brainwt,bodywt
herbi,0.0121,2.5
herbi,0.0055,0.728
herbi,0.655,521
carni,0.0175,2
carni,0.0256,3.3
carni,0.0108,3.5
omni,0.115,10
herbi,0.419,187
omni,0.179,6.8
carni,0.325,85
herbi,0.0064,0.42
herbi,0.01227,2.625
omni,0.0066,1
insecti,0.0012,0.075
herbi,0.0019,0.32
omni,0.44,52.2
omni,0.0155,0.48
herbi,0.175,55.5
insecti,0.00025,0.01
omni,0.0026,0.9
omni,0.0035,0.77
insecti,0.0003,0.023
